n_control,n_test,mean_control,mean_test,var_control,var_test,diff,se,z,info,look_n,t,boundary_z,p_value,crossed
1022,978,0.030128097654900075,0.06224275475203719,1.0080902610879103,0.9554565610710736,0.03211465709713711,0.04430958290145455,0.7247790431374808,509.3363551945986,2000,0.16968584482217175,4.758009266424804,0.46858759440829,False
2029,1971,0.04355643130089679,0.06534092677078523,1.0061406318365806,0.9312713929743328,0.02178449546988844,0.031118592666529964,0.7000475793790977,1032.666537248873,4000,0.3440337450989793,3.3415469650152825,0.48389759124442666,False
3029,2971,0.027168538997244765,0.06440044451753381,1.0061151345818518,0.9500426038298913,0.037231905520289044,0.025532975165777138,1.4581890781843727,1533.900377569644,6000,0.5110202301218209,2.7417575269970325,0.14478843340462358,False
4039,3961,0.015723003940420796,0.06235704205875054,1.0067411137907059,0.9788538110362283,0.046634038118329744,0.022279540902686037,2.0931328128358118,2014.5939488965078,8000,0.6711637068622983,2.3924003595888226,0.036337300310390085,False
5049,4951,-0.0004259238663705538,0.06456756815606005,1.013378755774159,0.982132506133825,0.0649934920224306,0.019976970173473683,3.253420887053827,2505.76741641364,10000,0.8347985700325055,2.145147911048368,0.0011402447088012543,True
6030,5970,0.005628888685613997,0.0593723965707224,1.016189290319732,0.9828326808035807,0.053743507885108406,0.01825242066459839,2.944459196546297,3001.64315844009,12000,1.0,1.959963984540054,0.0032351960236430746,True
