method,n_control,n_test,ratio_control,ratio_test,diff_ratio,diff_linearized,p_value,ci_low,ci_high
base,21,21,3.70476,4.20952,0.504762,0.504762,0.2555,-0.377641,1.38716
cuped,21,21,3.70476,3.76958,0.064817,0.064817,0.8455,-0.611061,0.740695
