method,diff_linearized,p_value,ratio_diff_approx,rel_lift_approx
base_linearized,0.5047619047619052,0.8317559838358681,0.04326530612244902,0.11648351648351658
cuped_linearized,0.06481700572837287,0.8114544883624155,0.005555743348146246,0.014957770552701432
