method,n_control,n_test,mean_control,mean_test,diff,p_value,ci_low,ci_high
base,5,5,0.96,1.22,0.26,0.7906120972568262,-1.9431986595650887,2.463198659565089
cuped,5,5,0.906747088186356,1.273252911813644,0.366505823627288,0.07784990141591562,-0.0520242769969243,0.7850359242515004
